building,mean,min,max,sum
BuildingA,55.17959633132917,10.01689212521192,99.99185733128616,78134.30840516211
BuildingB,55.71664174048109,10.056089739078857,99.87066275176151,78894.76470452122
BuildingC,54.957011874041406,10.059444227820835,99.97625845775468,77819.12881364263
